Feature,Mean_SHAP
EF1,0.08252995808689433
ppinc7,0.03690085171319517
ppage,0.023366074196945367
ppeducat,0.014385541502196878
ppethm,0.009575077165335464
ppkid017,0.00953713591399568
real_income_2023,0.00878124099410449
pce_pct_change,0.008713385234392777
income_pct_change,0.0075085039036948634
pphhsize,0.00499429390384921
ppgender,0.0037097839858550273
